heading,authors,subtitles,timeframe,languages,ratings,ratings_count,prices
What's Your Dream?,Written by: Simon Squibb,Find Your Passion. Love Your Work. Build a Richer Life.,Length: 7 hrs and 56 mins,Language: English,,Not rated yet,₹957.00
Atomic Habits (Hindi Edition),Written by: James Clear,"Chote Badlav, Asadharan Parinam",Length: 8 hrs and 9 mins,Language: Hindi,5 out of 5 stars,1 rating,₹419.00
Providence,Written by: TurtleMe,"The Beginning After the End, Book 11",Length: 27 hrs and 38 mins,Language: English,4.5 out of 5 stars,3 ratings,"₹2,010.00"
Forge Your Future,Written by: A. P. J. Kalam,,Length: 5 hrs and 37 mins,Language: English,4.5 out of 5 stars,42 ratings,
The Art of Influencing People,Written by: Virender Kapoor,,Length: 38 mins,Language: English,4 out of 5 stars,121 ratings,
The Quick and Easy Way to Effective Speaking,Written by: Dale Carnegie,,Length: 6 hrs and 39 mins,Language: English,4.5 out of 5 stars,79 ratings,
You Are the Best Wife,Written by: Ajay K. Pandey,A true love story,Length: 7 hrs and 29 mins,Language: English,4.5 out of 5 stars,480 ratings,
Meri Gita,Written by: Devdutt Pattanaik,,Length: 7 hrs and 39 mins,Language: Hindi,4.5 out of 5 stars,324 ratings,₹69.00
Art of Seduction,Written by: Robert Greene,An Indispensible Primer on the Ultimate Form of Power,Length: 22 hrs and 51 mins,Language: English,4.5 out of 5 stars,154 ratings,₹820.00
The Blue Umbrella,Written by: Ruskin Bond,,Length: 51 mins,Language: English,4.5 out of 5 stars,457 ratings,
41 Anmol Kahaniya [41 Priceless Stories],Written by: Premchand,,Length: 15 hrs and 28 mins,Language: Hindi,4.5 out of 5 stars,51 ratings,₹69.00
My Experiments with Truth,Written by: Mohandas K. Gandhi,,Length: 19 hrs and 11 mins,Language: English,4.5 out of 5 stars,75 ratings,
Rich Dad Poor Dad (Hindi Edition),Written by: Robert Kiyosaki,,Length: 11 hrs and 5 mins,Language: Hindi,5 out of 5 stars,1 rating,₹489.00
Why I Am an Atheist and Other Works,Written by: Bhagat Singh,,Length: 3 hrs,Language: English,4.5 out of 5 stars,374 ratings,
Defiance of the Fall 14,"Written by: TheFirstDefier, JF Brink",A LitRPG Adventure,Length: 21 hrs and 54 mins,Language: English,,Not rated yet,"₹1,003.00"
Pride and Prejudice,Written by: Jane Austen,,Length: 11 hrs and 35 mins,Language: English,5 out of 5 stars,524 ratings,₹836.00
21 Shreshth Kahaniyan Prem Chand (Hindi Edition),Written by: Munshi Premchand,,Length: 7 hrs and 44 mins,Language: Hindi,5 out of 5 stars,184 ratings,
Complete Chanakya Neeti,Written by: R.P. Jain,,Length: 4 hrs,Language: English,4.5 out of 5 stars,317 ratings,
Shiv Puran (Hindi Edition),Written by: Dr. Vinay,,Length: 7 hrs and 54 mins,Language: Hindi,5 out of 5 stars,219 ratings,
Garuda Puran,Written by: Dr. Vinay,,Length: 6 hrs and 8 mins,Language: Hindi,4.5 out of 5 stars,118 ratings,
Yumi and the Nightmare Painter (Dramatized Adaptation),Written by: Brandon Sanderson,"A Cosmere Novel (Secret Projects, Book 3)",Length: 11 hrs and 12 mins,Language: English,,Not rated yet,₹961.00
Satya Ke Sath Mere Prayog [My Experiment with Truth],Written by: M. K. Gandhi,Meri Atmakatha [My Autobiography],Length: 22 hrs and 54 mins,Language: Hindi,4.5 out of 5 stars,252 ratings,
Sahaj Yog,Written by: OSHO,,Length: 37 hrs and 10 mins,Language: Hindi,5 out of 5 stars,77 ratings,₹284.00
Gunahon ka Devta (Hindi Edition),"Written by: धर्मवीर भारती, Dharmveer Bharti",,Length: 9 hrs and 15 mins,Language: Hindi,4.5 out of 5 stars,6 ratings,₹210.00
Karna: The King of Anga (Hindi Edition),Written by: Kevin Missal,"Karna, Book 1",Length: 15 hrs and 27 mins,Language: Hindi,4 out of 5 stars,4 ratings,₹69.00
Panchatantra (Hindi Edition),Written by: Vishnu Sharma,,Length: 5 hrs and 41 mins,Language: Hindi,5 out of 5 stars,93 ratings,
How to Talk to Anyone (Hindi Edition),Written by: Leil Lowndes,92 Little Tricks for Big Success,Length: 10 hrs and 19 mins,Language: Hindi,4.5 out of 5 stars,3 ratings,₹69.00
The Power of Habit (Hindi Edition),Written by: Charles Duhigg,"Why We Do What We Do, and How to Change",Length: 13 hrs and 23 mins,Language: Hindi,4.5 out of 5 stars,67 ratings,₹403.00
If Truth Be Told,Written by: Om Swami,A Monk's Memoir,Length: 8 hrs and 56 mins,Language: English,5 out of 5 stars,35 ratings,₹69.00
Twisted Hate,Written by: Ana Huang,"Twisted, Book 3",Length: 15 hrs,Language: English,4.5 out of 5 stars,161 ratings,₹703.00
Babylon Ka Sabse Ameer Aadami [The Richest Man in Babylon],Written by: George S. Clason,,Length: 4 hrs and 46 mins,Language: Hindi,4.5 out of 5 stars,179 ratings,₹69.00
Na Kehne Ki Kala (Hindi Edition),Written by: Damon Zahariades,,Length: 3 hrs and 22 mins,Language: Hindi,4 out of 5 stars,29 ratings,₹501.00
My Gita,Written by: Devdutt Pattanaik,,Length: 6 hrs and 15 mins,Language: English,4.5 out of 5 stars,"1,161 ratings",₹69.00
Limitless (Hindi Edition),Written by: Jim Kwik,,Length: 12 hrs and 7 mins,Language: Hindi,4 out of 5 stars,4 ratings,₹69.00
"The Sandman, Act I (Hindi Edition)","Written by: Neil Gaiman, Dirk Maggs",,Length: 11 hrs and 3 mins,Language: Hindi,4.5 out of 5 stars,415 ratings,
Sherlock Holmes ki Detective Stories (Hindi Edition),Written by: Tarun Kumar Vahi,,Length: 7 hrs and 37 mins,Language: Hindi,,Not rated yet,₹210.00
Getting Things Done,"Written by: David Allen, James Fallows - foreword",The Art of Stress-Free Productivity,Length: 10 hrs and 17 mins,Language: English,,Not rated yet,"₹1,131.00"
Sunderkand (Hindi Edition),Written by: Goswami Tulsidas,,Length: 3 hrs and 23 mins,Language: Hindi,5 out of 5 stars,154 ratings,₹69.00
Why I Am a Hindu,Written by: Shashi Tharoor,,Length: 13 hrs and 2 mins,Language: English,4 out of 5 stars,94 ratings,₹69.00
The Power of Your Subconscious Mind,Written by: Dr. Joseph Murphy,,Length: 7 hrs and 57 mins,Language: English,4.5 out of 5 stars,182 ratings,₹351.00
Don't Say Um,Written by: Michael Chad Hoeppner,How to Communicate Effectively to Live a Better Life,Length: 8 hrs and 53 mins,Language: English,,Not rated yet,₹957.00
Mahabharat Katha [Mahabharata Story],Written by: Amritlal Nagar,,Length: 10 hrs and 41 mins,Language: Hindi,4.5 out of 5 stars,118 ratings,
Get Organized: Do More in Less Time,"Written by: Ciara Conlon, The Great Courses",,Length: 4 hrs and 45 mins,Language: English,4.5 out of 5 stars,479 ratings,"₹1,003.00"
Life Is What Matters,Written by: Alka Dixit,It's Time to Be Happy Again,Length: 4 hrs and 41 mins,Language: English,4.5 out of 5 stars,18 ratings,
Complete Book of Yoga,Written by: Swami Vivekananda,,Length: 28 hrs and 16 mins,Language: English,4.5 out of 5 stars,35 ratings,₹69.00
Valmiki Ramayan (Hindi Edition),Written by: Valmiki,,Length: 7 hrs and 17 mins,Language: Hindi,4.5 out of 5 stars,227 ratings,
Arabian Nights: Volume 1,Written by: Marty Ross,An Audible Original Drama,Length: 8 hrs and 20 mins,Language: English,4.5 out of 5 stars,140 ratings,₹759.00
The Girl in Room 105 (Hindi Edition),Written by: Chetan Bhagat,,Length: 5 hrs and 19 mins,Language: Hindi,4.5 out of 5 stars,308 ratings,₹69.00
Art of Stress Management (Rupa Quick Reads),Written by: Sarvesh Gulati,,Length: 1 hr and 16 mins,Language: English,4 out of 5 stars,27 ratings,
The Guy Next Door (Hindi Edition),Written by: Nylla C,,Length: 36 hrs and 43 mins,Language: Hindi,5 out of 5 stars,45 ratings,
Panchatantra,"Written by: Pandit Vishnu Sharma, G. L. Chandiramani",,Length: 7 hrs and 31 mins,Language: English,4.5 out of 5 stars,104 ratings,₹69.00
The Favor,Written by: Suzanne Wright,,Length: 15 hrs and 23 mins,Language: English,4.5 out of 5 stars,46 ratings,₹703.00
Evolve Your Brain,Written by: Joe Dispenza,The Science of Changing Your Mind,Length: 18 hrs and 37 mins,Language: English,4.5 out of 5 stars,111 ratings,"₹1,172.00"
Her Last Wish,Written by: Ajay K. Pandey,,Length: 6 hrs and 54 mins,Language: English,4.5 out of 5 stars,461 ratings,
Shoe Dog (Hindi Edition),Written by: Phil Knight,,Length: 14 hrs and 30 mins,Language: Hindi,,Not rated yet,₹210.00
Call Me Maybe,Written by: Cara Bastone,,Length: 5 hrs and 55 mins,Language: English,4.5 out of 5 stars,749 ratings,"₹1,003.00"
The Three Lives of Cate Kay,Written by: Kate Fagan,,Length: 9 hrs and 52 mins,Language: English,5 out of 5 stars,1 rating,₹531.00
Swayam Ka Utterdayitva (Hindi),Written by: OSHO,,Length: 1 hr and 23 mins,Language: Hindi,5 out of 5 stars,14 ratings,₹167.00
How to Be Enough,Written by: Ellen Hendriksen,"Seven life-changing steps for self-critics, overthinkers and perfectionists",Length: 7 hrs and 59 mins,Language: English,,Not rated yet,"₹1,405.00"
50 Psychology Classics,Written by: Tom Butler-Bowdon,,Length: 12 hrs and 24 mins,Language: English,5 out of 5 stars,15 ratings,₹703.00
"30 Days - Change Your Habits, Change Your Life",Written by: Marc Reklau,A Couple of Simple Steps Every Day to Create the Life You Want,Length: 4 hrs and 12 mins,Language: English,4.5 out of 5 stars,113 ratings,₹340.00
The Mysterious Affair at Styles,"Written by: Agatha Christie, Anna Lea - adaptation",,Length: 3 hrs and 53 mins,Language: English,5 out of 5 stars,76 ratings,₹493.00
Seven Myths About Money,Written by: Rob Dix,And the Truth About Finding Financial Freedom,Length: 4 hrs and 56 mins,Language: English,,Not rated yet,₹957.00
Power Manifesting,Written by: Paul McKenna,The New Science of Getting What You Want,Length: 3 hrs and 19 mins,Language: English,5 out of 5 stars,2 ratings,₹949.00
Kalki Puran (Hindi Edition),Written by: Dr. Vinay,,Length: 6 hrs and 10 mins,Language: Hindi,4.5 out of 5 stars,43 ratings,
The 10X Rule,Written by: Grant Cardone,The Only Difference Between Success and Failure,Length: 7 hrs and 24 mins,Language: English,4.5 out of 5 stars,"1,376 ratings",₹703.00
How to Say It: Words That Make a Difference,"Written by: Allison Friederichs Atkison, The Great Courses",,Length: 4 hrs and 44 mins,Language: English,4.5 out of 5 stars,141 ratings,₹836.00
Hotel,Written by: Arthur Hailey,,Length: 15 hrs and 17 mins,Language: English,4.5 out of 5 stars,55 ratings,₹703.00
Sochiye Aur Ameer Baniye [Think and Be Rich],Written by: Napoleon Hill,,Length: 11 hrs and 10 mins,Language: Hindi,5 out of 5 stars,321 ratings,₹254.00
Yogi Kathamrit (Ek Yogi Ki Atmakatha) [Autobiography of a Yogi],Written by: Paramahansa Yogananda,,Length: 20 hrs and 7 mins,Language: Hindi,5 out of 5 stars,22 ratings,
Kautilya Arthshastra (Hindi Edition),Written by: Chanakya,,Length: 6 hrs,Language: Hindi,4.5 out of 5 stars,55 ratings,
Contesting: The Name It & Claim It Game,Written by: Helene Hadsell,WINeuvers for WISHcraft,Length: 5 hrs and 10 mins,Language: English,,Not rated yet,₹668.00
Beautiful Beast,Written by: Neva Altaj,"Mafia Legacy: Perfectly Imperfect, Book 1",Length: 11 hrs and 19 mins,Language: English,5 out of 5 stars,1 rating,"₹1,675.00"
The Power Broker,Written by: Robert A Caro,Robert Moses and the Fall of New York,Length: 66 hrs and 8 mins,Language: English,5 out of 5 stars,1 rating,"₹1,093.00"
Antaryatra Ke Sutra (Hindi),Written by: OSHO,,Length: 1 hr and 29 mins,Language: Hindi,5 out of 5 stars,41 ratings,₹167.00
"Change Your Thinking, Change Your Life",Written by: Brian Tracy,How to Unlock Your Full Potential for Success and Achievement,Length: 8 hrs and 57 mins,Language: English,5 out of 5 stars,22 ratings,₹820.00
Echoes on the Fens,Written by: Joy Ellis,"DI Nikki Galena, Book 15",Length: 11 hrs and 50 mins,Language: English,,Not rated yet,₹703.00
Ramayana Versus Mahabharata,Written by: Devdutt Pattanaik,My Playful Comparison,Length: 5 hrs and 13 mins,Language: English,4.5 out of 5 stars,141 ratings,₹69.00
An Era of Darkness,Written by: Shashi Tharoor,The British Empire in India,Length: 12 hrs and 26 mins,Language: English,4.5 out of 5 stars,280 ratings,₹69.00
The Buddha Said,Written by: Osho,Meeting the Challenge of Life's Difficulties,Length: 35 hrs and 57 mins,Language: English,5 out of 5 stars,137 ratings,₹586.00
To All the Boys I've Loved Before,Written by: Jenny Han,,Length: 8 hrs and 44 mins,Language: English,4.5 out of 5 stars,55 ratings,₹820.00
Ikigai (Hindi Edition),"Written by: Hector Garcia, Fransesc Miralles","दीर्घायु, तंदुरुस्त और आनंदित जीवन का जापानी रहस्य [The Japanese Secret to a Long and Happy Life]",Length: 4 hrs and 42 mins,Language: Hindi,4.5 out of 5 stars,182 ratings,₹69.00
Sweet Talk,Written by: Cara Bastone,,Length: 5 hrs and 42 mins,Language: English,4.5 out of 5 stars,396 ratings,"₹1,003.00"
Now or Never,Written by: Stella Rhys,"Irresistible Series, Book 5",Length: 11 hrs and 2 mins,Language: English,4 out of 5 stars,11 ratings,₹703.00
"Bulls, Bears and Other Beasts",Written by: Santosh Nair,A Story of the Indian Stock Market,Length: 11 hrs and 8 mins,Language: English,4.5 out of 5 stars,690 ratings,₹69.00
The Contract,Written by: Melanie Moreland,,Length: 8 hrs and 43 mins,Language: English,4.5 out of 5 stars,109 ratings,₹891.00
The Let Them Theory,Written by: Mel Robbins,A Life-Changing Tool That Millions of People Can’t Stop Talking About,Length: 10 hrs and 38 mins,Language: English,5 out of 5 stars,6 ratings,"₹1,171.00"
How to Achieve Financial Independence and Retire Early,"Written by: JD Roth, The Great Courses",,Length: 4 hrs and 39 mins,Language: English,4.5 out of 5 stars,310 ratings,₹836.00
Origin Story,Written by: David Christian,A Big History of Everything,Length: 12 hrs and 23 mins,Language: English,4.5 out of 5 stars,34 ratings,₹938.00
The Search,Written by: Osho,"Finding Your Inner Power, Your Potential",Length: 13 hrs and 43 mins,Language: English,5 out of 5 stars,59 ratings,₹445.00
Dream With Your Eyes Open,Written by: Ronnie Screwvala,An Entrepreneurial Journey,Length: 7 hrs and 19 mins,Language: English,4.5 out of 5 stars,751 ratings,
No More Mr. Nice Guy,Written by: Dr Robert Glover,"A Proven Plan for Getting What You Want in Love, Sex and Life (Updated)",Length: 6 hrs and 49 mins,Language: English,4.5 out of 5 stars,377 ratings,₹938.00
Vivekananda,Written by: Pranay,Spirituality for Leadership & Success,Length: 3 hrs and 12 mins,Language: English,4.5 out of 5 stars,259 ratings,₹69.00
The Graveyard Book,Written by: Neil Gaiman,,Length: 7 hrs and 43 mins,Language: English,4.5 out of 5 stars,369 ratings,₹531.00
Cross the Line,Written by: Julie Johnson,,Length: 10 hrs and 18 mins,Language: English,4 out of 5 stars,20 ratings,₹938.00
Vijayaniki Aidu Metlu/విజయానికి అయిదు మెట్లు [Five Steps to Success],Written by: Yandamoori Veerendranath,,Length: 18 hrs and 31 mins,Language: Telugu,5 out of 5 stars,4 ratings,₹186.00
Utsav Amar Jati Anand Amar Gotra,Written by: OSHO,,Length: 17 hrs and 51 mins,Language: Hindi,5 out of 5 stars,14 ratings,₹284.00
Peevat Ram Ras Lagi Khumari,Written by: OSHO,,Length: 13 hrs and 32 mins,Language: Hindi,4.5 out of 5 stars,13 ratings,₹284.00
Ahankar (Hindi),Written by: OSHO,,Length: 1 hr and 41 mins,Language: Hindi,4.5 out of 5 stars,25 ratings,₹167.00
A Guide to Stress Free Living,Written by: Om Swami,,Length: 3 hrs and 52 mins,Language: English,5 out of 5 stars,96 ratings,₹69.00
The Prophet,Written by: Kahlil Gibran,,Length: 1 hr and 25 mins,Language: English,4.5 out of 5 stars,205 ratings,₹326.00
Ramayana Banaam Mahabharata [Ramayana vs. Mahabharata],Written by: Devdutt Pattanaik,Meri Drishti Se Ek Rochak Tulna [An Interesting Comparison from My Point of View],Length: 6 hrs and 19 mins,Language: Hindi,4.5 out of 5 stars,54 ratings,
The Favourites,Written by: Layne Fargo,,Length: 13 hrs and 31 mins,Language: English,,Not rated yet,₹957.00
Sukraat (Hindi Edition),Written by: Arun Tiwari,,Length: 3 hrs and 37 mins,Language: Hindi,4.5 out of 5 stars,3 ratings,₹69.00
Gaban [Embezzlement],Written by: Munshi Premchand,,Length: 11 hrs and 36 mins,Language: Hindi,4.5 out of 5 stars,123 ratings,
The PCOD Thyroid Book,Written by: Rujuta Diwekar,,Length: 5 hrs and 59 mins,Language: English,4.5 out of 5 stars,64 ratings,₹69.00
"Lose Fat, Get Fittr",Written by: Jitendra Chouksey,,Length: 6 hrs and 50 mins,Language: English,4.5 out of 5 stars,33 ratings,₹69.00
"Master Your Time, Master Your Life",Written by: Brian Tracy,"The Breakthrough System to Get More Results, Faster, in Every Area of Your Life",Length: 4 hrs and 2 mins,Language: English,4.5 out of 5 stars,138 ratings,₹586.00
Artificial Intelligence,"Written by: Harvard Business Review, Thomas H Davenport, Erik Brynjolfsson, Andrew McAfee, H. James Wilson",The Insights You Need from Harvard Business Review,Length: 3 hrs and 31 mins,Language: English,4.5 out of 5 stars,19 ratings,₹469.00
Lapoojhanna (Hindi Edition),Written by: Ashok Pande,,Length: 9 hrs and 35 mins,Language: Hindi,4.5 out of 5 stars,20 ratings,₹668.00
Threshold,Written by: Will Wight,Stories from Cradle,Length: 8 hrs and 35 mins,Language: English,5 out of 5 stars,2 ratings,"₹1,003.00"
Shameless,Written by: Gina L. Maxwell,"Playboys in Love Series, Book 1",Length: 5 hrs and 12 mins,Language: English,4 out of 5 stars,47 ratings,₹586.00
The Healing Power of Mind,"Written by: Tulku Thondup, Daniel Goleman - foreword","Simple Meditation Exercises for Health, Well-Being, and Enlightenment (Buddhayana Series, VII)",Length: 6 hrs and 40 mins,Language: English,4.5 out of 5 stars,26 ratings,₹668.00
Indra Nooyi - A Biography,Written by: Annapoorna,,Length: 4 hrs and 14 mins,Language: English,4.5 out of 5 stars,434 ratings,
Disney Frozen: Olaf's Quest,"Written by: Disney Press, Suzanne Francis",,Length: 2 hrs and 22 mins,Language: English,4.5 out of 5 stars,22 ratings,₹501.00
No Excuses!,Written by: Brian Tracy,The Power of Self-Discipline for Success in Your Life,Length: 6 hrs and 51 mins,Language: English,4.5 out of 5 stars,649 ratings,₹820.00
"Hack your Body, Heal your Mind",Written by: BBC Studios,,Length: 2 hrs and 41 mins,Language: English,,Not rated yet,₹227.00
How to Stop Worrying and Start Living,Written by: Dale Carnegie,,Length: 9 hrs and 42 mins,Language: English,4.5 out of 5 stars,356 ratings,₹69.00
Danger: Truth at Work,Written by: OSHO,Accepting the Unknowable,Length: 27 hrs and 27 mins,Language: English,4 out of 5 stars,5 ratings,₹445.00
The Secret Garden,Written by: Frances Hodgson Burnett,,Length: 7 hrs and 38 mins,Language: English,4.5 out of 5 stars,40 ratings,₹569.00
Crossroads of Civilization: A History of Central Asia,"Written by: Eren Tasar, The Great Courses",,Length: 11 hrs and 15 mins,Language: English,,Not rated yet,"₹1,171.00"
Great Stories for Children,Written by: Ruskin Bond,,Length: 4 hrs and 28 mins,Language: English,4.5 out of 5 stars,201 ratings,₹69.00
The Great Gatsby,Written by: F. Scott Fitzgerald,,Length: 4 hrs and 49 mins,Language: English,4.5 out of 5 stars,467 ratings,₹501.00
Chandrakanta (Hindi Edition),Written by: Devki Nandan Khatri,,Length: 12 hrs and 41 mins,Language: Hindi,4.5 out of 5 stars,56 ratings,
Main Begunah Hoon [I Am Innocent],Written by: Surender Mohan Pathak,,Length: 5 hrs and 42 mins,Language: Hindi,4.5 out of 5 stars,10 ratings,₹69.00
The Naughty Proposal!,Written by: Shanaya Taneja,,Length: 2 hrs and 27 mins,Language: English,4 out of 5 stars,14 ratings,
Vandargal Vendrargal,Written by: Madhan,,Length: 12 hrs and 43 mins,Language: Tamil,5 out of 5 stars,128 ratings,"₹1,003.00"
Vayam Raksham (Hindi Edition),Written by: Acharya Chatursen,,Length: 24 hrs and 27 mins,Language: Hindi,5 out of 5 stars,31 ratings,
Self Help,"Written by: Gabrielle Bernstein, Richard C. Schwartz - foreword",This Is Your Chance to Change Your Life,Length: 6 hrs and 1 min,Language: English,,Not rated yet,"₹1,003.00"
Ek Chota Sa Kadam Aapki Zindagi Badal Sakta Hai [One Small Step Can Change Your Life],Written by: Robert Maurer,,Length: 5 hrs and 10 mins,Language: Hindi,4.5 out of 5 stars,78 ratings,₹216.00
How to Talk to Anyone (Marathi Edition),Written by: Leil Lowndes,92 Little Tricks for Big Success,Length: 10 hrs and 32 mins,Language: Marathi,,Not rated yet,₹69.00
Anne of Green Gables,Written by: Lucy Maud Montgomery,,Length: 9 hrs and 22 mins,Language: English,5 out of 5 stars,103 ratings,₹836.00
13 Kaam Jo Samajhdar Log Nahi Karte [13 Commonwealth Games],Written by: Amy Morin,,Length: 8 hrs and 18 mins,Language: Hindi,5 out of 5 stars,31 ratings,₹284.00
Dharmayoddha Kalki: Avatar of Vishnu,Written by: Kevin Missal,"Kalki Trilogy, Book 1",Length: 12 hrs and 34 mins,Language: English,4 out of 5 stars,283 ratings,₹69.00
The Power of Your Subconscious Mind (Marathi Edition),Written by: Joseph Murphy,,Length: 9 hrs and 40 mins,Language: Hindi,5 out of 5 stars,10 ratings,₹668.00
Apke Avchetan Man Ki Shakti [The Power of Your Subconscious Mind],Written by: Dr. Joseph Murphy,,Length: 8 hrs and 37 mins,Language: Hindi,5 out of 5 stars,656 ratings,₹161.00
P. G. Wodehouse Volume 2,Written by: P. G. Wodehouse,The Blandings Collection,Length: 45 hrs and 27 mins,Language: English,5 out of 5 stars,72 ratings,"₹1,138.00"
The Psychology of Money (Marathi Edition),Written by: Morgan Housel,,Length: 8 hrs and 50 mins,Language: Hindi,5 out of 5 stars,31 ratings,₹69.00
H.G. Wells: The Science Fiction Collection,Written by: H. G. Wells,,Length: 27 hrs and 15 mins,Language: English,4.5 out of 5 stars,60 ratings,"₹1,898.00"
Unhooked,Written by: Adi Jaffe PhD,Free Yourself from Addiction Forever,Length: 8 hrs and 7 mins,Language: English,,Not rated yet,₹500.00
Walking in Zen Sitting in Zen,Written by: OSHO,Meditation Is Either a Twenty-Four-Hour Affair or It Cannot Be at All,Length: 26 hrs and 35 mins,Language: English,5 out of 5 stars,20 ratings,₹586.00
Chokher Bali [A Grain of Sand],Written by: Rabindranath Tagore,,Length: 8 hrs and 50 mins,Language: Hindi,4.5 out of 5 stars,53 ratings,
Huge Deal,Written by: Lauren Layne,"The 21 Wall Street Series, Book 3",Length: 7 hrs and 19 mins,Language: English,4.5 out of 5 stars,39 ratings,₹517.00
1984 (Hindi Edition),Written by: George Orwell,,Length: 13 hrs and 51 mins,Language: Hindi,4.5 out of 5 stars,38 ratings,₹69.00
The Krishna Key,Written by: Ashwin Sanghi,,Length: 12 hrs and 24 mins,Language: English,4.5 out of 5 stars,376 ratings,₹69.00
The Jane Austen Collection,Written by: Jane Austen,An Audible Original Drama,Length: 45 hrs,Language: English,4.5 out of 5 stars,75 ratings,"₹1,518.00"
The Alchemist (Hindi Edition),"Written by: Paulo Coelho, Anu Singh - translator",,Length: 6 hrs and 36 mins,Language: Hindi,4.5 out of 5 stars,"1,060 ratings",₹214.00
The Stand-In,Written by: Lily Chu,,Length: 10 hrs and 55 mins,Language: English,4.5 out of 5 stars,217 ratings,"₹1,171.00"
Murder on Astor Place,Written by: Victoria Thompson,"Gaslight Mystery, Book 1",Length: 8 hrs and 32 mins,Language: English,4.5 out of 5 stars,56 ratings,₹891.00
Positive Thinking (Hindi Edition),Written by: Napoleon Hill,,Length: 4 hrs and 37 mins,Language: Hindi,5 out of 5 stars,2 ratings,₹69.00
An Elderly Lady Is Up to No Good,"Written by: Helene Tursten, Marlaine Delargy - Translated by",,Length: 3 hrs and 12 mins,Language: English,4.5 out of 5 stars,83 ratings,₹351.00
I Don’t Love You Anymore,Written by: Rithvik Singh,Moving On and Living Your Best Life,Length: 1 hr and 5 mins,Language: English,,Not rated yet,₹502.00
ColdFusion Presents,Written by: Dagogo Altraide,"New Thinking: From Einstein to Artificial Intelligence, the Science and Technology That Transformed Our World",Length: 11 hrs and 38 mins,Language: English,5 out of 5 stars,143 ratings,₹586.00
Dealing with Difficult People,Written by: Harvard Business Review,HBR Emotional Intelligence Series,Length: 1 hr and 47 mins,Language: English,4.5 out of 5 stars,56 ratings,₹234.00
Drop Dead,Written by: Lily Chu,,Length: 11 hrs and 25 mins,Language: English,4 out of 5 stars,16 ratings,"₹1,171.00"
Gaban [Embezzlement],Written by: Premchand,,Length: 12 hrs and 25 mins,Language: Hindi,5 out of 5 stars,113 ratings,
The Chekhov Collection of Short Stories,Written by: Anton Chekhov,,Length: 6 hrs and 50 mins,Language: English,4.5 out of 5 stars,27 ratings,₹569.00
Kill Switch,Written by: Penelope Douglas,"Devil's Night Series, Book 3",Length: 17 hrs and 35 mins,Language: English,4 out of 5 stars,21 ratings,₹820.00
Get inside Her: The Female Perspective,Written by: Marni Kinrys,"Dirty Secrets from a Woman on How to Attract, Seduce and Get Any Female You Want",Length: 6 hrs and 28 mins,Language: English,4.5 out of 5 stars,22 ratings,₹668.00
The Velveteen Rabbit,Written by: Margery Williams,,Length: 24 mins,Language: English,4.5 out of 5 stars,163 ratings,
Dharmayoddha Kalki: Avatar of Vishnu (Hindi Edition),Written by: Kevin Missal,"Kalki, Book 1",Length: 16 hrs and 47 mins,Language: Hindi,5 out of 5 stars,5 ratings,₹69.00
Chhatrapati Shivaji Maharaj (Marathi Edition),Written by: Krishnarao Arjun Keluskar,,Length: 6 hrs and 2 mins,Language: Marathi,5 out of 5 stars,2 ratings,₹69.00
Absolute Tao,Written by: OSHO,"Subtle Is the Way to Love, Happiness and Truth",Length: 15 hrs and 15 mins,Language: English,5 out of 5 stars,31 ratings,₹445.00
Sapiens,Written by: Yuval Noah Harari,,Length: 21 hrs and 42 mins,Language: Hindi,5 out of 5 stars,424 ratings,₹284.00
Heera Pheri [Foul Play],Written by: Surender Mohan Pathak,,Length: 10 hrs and 13 mins,Language: Hindi,5 out of 5 stars,10 ratings,₹69.00
Satyajit Ray Ki Kahaniyan [Stories of Satyajit Ray],Written by: Satyajit Rai,,Length: 8 hrs and 12 mins,Language: Hindi,4.5 out of 5 stars,100 ratings,
"Harry Potter and the Prisoner of Azkaban, Book 3",Written by: J.K. Rowling,,Length: 12 hrs and 3 mins,Language: English,5 out of 5 stars,"1,151 ratings",₹999.00
A Tale of Two Cities,Written by: Charles Dickens,A Story of the French Revolution,Length: 14 hrs and 13 mins,Language: English,5 out of 5 stars,11 ratings,
What Is Life?,"Written by: Erwin Schrödinger, Roger Penrose - foreword",With Mind and Matter and Autobiographical Sketches,Length: 6 hrs and 8 mins,Language: English,4.5 out of 5 stars,24 ratings,₹586.00
The Nvidia Way,Written by: Tae Kim,Jensen Huang and the Making of a Tech Giant,Length: 9 hrs and 42 mins,Language: English,5 out of 5 stars,11 ratings,₹820.00
Charitra (Hindi),Written by: OSHO,,Length: 1 hr and 42 mins,Language: Hindi,5 out of 5 stars,14 ratings,₹167.00
Manusmriti (Hindi Edition),"Written by: Vidya Vihar, Manu",,Length: 23 hrs and 41 mins,Language: Hindi,,Not rated yet,₹69.00
The Magic of Self-Respect,Written by: Osho,Awakening to Your Own Awareness,Length: 29 hrs and 16 mins,Language: English,5 out of 5 stars,59 ratings,₹445.00
Paanch Din (Hindi Edition),Written by: Surendra Mohan Pathak,,Length: 10 hrs and 58 mins,Language: Hindi,4 out of 5 stars,14 ratings,₹48.00
Raghuvansh (Hindi Edition),Written by: Kalidas,,Length: 5 hrs and 16 mins,Language: Hindi,4.5 out of 5 stars,37 ratings,
Krishna Kunji [Krishna Key],Written by: Ashwin Sanghi,,Length: 15 hrs and 11 mins,Language: Hindi,4.5 out of 5 stars,152 ratings,₹284.00
When You Least Expect It,Written by: Haley Cass,,Length: 8 hrs and 7 mins,Language: English,4.5 out of 5 stars,17 ratings,₹586.00
Breath By Breath,"Written by: Larry Rosenberg, David Guy, Jon Kabat-Zinn - foreward",The Liberating Practice of Insight Meditation,Length: 7 hrs and 33 mins,Language: English,4.5 out of 5 stars,29 ratings,₹668.00
Maine Gandhi Ko Kyon Mara? (Hindi Edition),Written by: Nathuram Godse,,Length: 7 hrs and 23 mins,Language: Hindi,4.5 out of 5 stars,7 ratings,₹69.00
Ruskin Bond: The Essential Collection for Young Readers,Written by: Ruskin Bond,,Length: 6 hrs and 38 mins,Language: English,4.5 out of 5 stars,21 ratings,₹69.00
Rapunzel,Written by: The Brothers Grimm,,Length: 13 mins,Language: English,4.5 out of 5 stars,18 ratings,₹95.00
Collapse,Written by: Vladislav M. Zubok,The Fall of the Soviet Union,Length: 23 hrs and 50 mins,Language: English,5 out of 5 stars,8 ratings,₹703.00
Magadh ka Rahasya [Magadh Mystery],Written by: Christopher Doyle,,Length: 9 hrs and 37 mins,Language: Hindi,4.5 out of 5 stars,85 ratings,₹69.00
"HBR's 10 Must Reads on Managing Yourself, Vol. 2",Written by: Harvard Business Review,HBR's 10 Must Reads Series,Length: 4 hrs and 57 mins,Language: English,4.5 out of 5 stars,6 ratings,₹469.00
The 6 Habits of Growth,Written by: Brendon Burchard,,Length: 5 hrs and 4 mins,Language: English,4.5 out of 5 stars,115 ratings,"₹1,003.00"
Get Epic Shit Done,Written by: Ankur Warikoo,,Length: 4 hrs and 5 mins,Language: English,4.5 out of 5 stars,403 ratings,₹69.00
Think and Grow Rich (Marathi Edition),Written by: Napoleon Hill,,Length: 8 hrs and 11 mins,Language: Hindi,5 out of 5 stars,11 ratings,₹668.00
Siddhartha,Written by: Hermann Hesse,,Length: 4 hrs and 9 mins,Language: English,4.5 out of 5 stars,38 ratings,₹501.00
The Power of Discipline,Written by: Brian Tracy,,Length: 1 hr and 37 mins,Language: English,4.5 out of 5 stars,12 ratings,₹375.00
Dhyan Ki Bhumika (Hindi),Written by: OSHO,,Length: 1 hr and 33 mins,Language: Hindi,5 out of 5 stars,35 ratings,₹167.00
Fooled by Randomness,Written by: Nassim Nicholas Taleb,The Hidden Role of Chance in Life and in the Markets,Length: 10 hrs and 3 mins,Language: English,4.5 out of 5 stars,328 ratings,₹694.00
Crystal Lodge (Hindi Edition),Written by: Surender Mohan Pathak,,Length: 11 hrs and 49 mins,Language: Hindi,4.5 out of 5 stars,15 ratings,₹69.00
Silhouette (Hindi Edition),Written by: Hermyne Khaling,,Length: 14 hrs and 31 mins,Language: Hindi,4.5 out of 5 stars,14 ratings,
Godaan (Hindi Edition),Written by: Munshi Premchand,,Length: 16 hrs and 17 mins,Language: Hindi,5 out of 5 stars,550 ratings,₹205.00
Falling in Love Again,Written by: Ruskin Bond,Stories of Love and Romance,Length: 5 hrs and 32 mins,Language: English,4.5 out of 5 stars,27 ratings,₹69.00
Shivaji,Written by: Dennis Kincaid,The Grand Rebel,Length: 7 hrs and 28 mins,Language: English,4.5 out of 5 stars,74 ratings,
A Million Thoughts,Written by: Om Swami,Learn All About Meditation from a Himalayan Mystic,Length: 9 hrs and 12 mins,Language: English,4 out of 5 stars,4 ratings,₹69.00
The Secret,Written by: Osho,"An Introduction to the World of Love, The Way of the Sufis",Length: 36 hrs and 55 mins,Language: English,5 out of 5 stars,10 ratings,₹445.00
Twisted Games,Written by: Ana Huang,"Twisted, Book 2",Length: 13 hrs and 14 mins,Language: English,4.5 out of 5 stars,178 ratings,₹703.00
Karma Bhoomi [Land of Work],Written by: Premchand,,Length: 12 hrs and 52 mins,Language: Hindi,4.5 out of 5 stars,34 ratings,
"Harry Potter and the Goblet of Fire, Book 4",Written by: J.K. Rowling,,Length: 20 hrs and 54 mins,Language: English,5 out of 5 stars,"1,034 ratings","₹1,599.00"
Krishna 360 Degrees (Hindi Edition),Written by: Devdutt Pattanaik,,Length: 4 hrs and 27 mins,Language: Hindi,5 out of 5 stars,105 ratings,₹69.00
1991,Written by: Sanjaya Baru,How P. V. Narasimha Rao Made History,Length: 5 hrs and 25 mins,Language: English,4.5 out of 5 stars,232 ratings,₹511.00
Swami Vivekananda,Written by: Gautam Ghosh,A Biography,Length: 6 hrs and 52 mins,Language: English,4.5 out of 5 stars,208 ratings,₹69.00
Maximum Achievement,Written by: Brian Tracy,Strategies and Skills That Will Unlock Your Hidden Powers to Succeed,Length: 13 hrs and 25 mins,Language: English,4.5 out of 5 stars,22 ratings,₹703.00
11 Rules for Life,Written by: Chetan Bhagat,Secrets to Level Up,Length: 4 hrs and 39 mins,Language: English,5 out of 5 stars,336 ratings,₹69.00
Son of Bhrigu,Written by: Christopher C. Doyle,,Length: 10 hrs and 48 mins,Language: English,4.5 out of 5 stars,82 ratings,₹69.00
A Sea of Unspoken Things,Written by: Adrienne Young,,Length: 9 hrs and 16 mins,Language: English,,Not rated yet,₹949.00
Parthiban Kanavu,Written by: Kalki,,Length: 10 hrs and 16 mins,Language: Tamil,4.5 out of 5 stars,18 ratings,₹349.00
Buddhism,"Written by: His Holiness the Dalai Lama, Thubten Chodron","One Teacher, Many Traditions",Length: 12 hrs and 13 mins,Language: English,4.5 out of 5 stars,13 ratings,₹836.00
Activate Your Vagus Nerve,Written by: Dr. Navaz Habib,"Unleash Your Body’s Natural Ability to Overcome Gut Sensitivities, Inflammation, Autoimmunity, Brain Fog, Anxiety and Depression",Length: 5 hrs and 12 mins,Language: English,4.5 out of 5 stars,43 ratings,₹469.00
The Arts of Seduction,Written by: Seema Anand,,Length: 7 hrs and 27 mins,Language: English,4.5 out of 5 stars,107 ratings,₹69.00
Click,Written by: Sebastian Fitzek,,Length: 8 hrs and 1 min,Language: English,,Not rated yet,"₹1,003.00"
Financial Literacy: Finding Your Way in the Financial Markets,"Written by: Connel Fullenkamp, The Great Courses",,Length: 11 hrs and 35 mins,Language: English,5 out of 5 stars,16 ratings,"₹1,171.00"
Es Dhammo Sanantano Vol. 1,Written by: OSHO,,Length: 13 hrs and 54 mins,Language: Hindi,5 out of 5 stars,29 ratings,₹284.00
The Subtle Art of Not Giving a F--k (Marathi Edition),Written by: Mark Manson,Counterintuitive Approach to Living a Good Life,Length: 7 hrs and 34 mins,Language: Hindi,5 out of 5 stars,16 ratings,₹668.00
Not You It's Me,Written by: Julie Johnson,,Length: 12 hrs and 23 mins,Language: English,4 out of 5 stars,36 ratings,"₹1,055.00"
Anahad Mein Bisram,Written by: OSHO,,Length: 15 hrs and 45 mins,Language: Hindi,4.5 out of 5 stars,33 ratings,₹284.00
Who Will Cry When You Die? (Hindi),Written by: Robin Sharma,Life Lessons from the Monk Who Sold His Ferrari,Length: 5 hrs and 9 mins,Language: Hindi,4.5 out of 5 stars,235 ratings,₹203.00
Deep Medicine,Written by: Eric Topol,How Artificial Intelligence Can Make Healthcare Human Again,Length: 11 hrs and 6 mins,Language: English,4.5 out of 5 stars,33 ratings,₹938.00
Merciless,Written by: Gina L. Maxwell,"Playboys in Love, Book 3",Length: 6 hrs and 10 mins,Language: English,4.5 out of 5 stars,20 ratings,₹586.00
Meditation for Gemini,"Written by: Jessica Lanyadoo, Audible Sleep",,Length: 32 mins,Language: English,,Not rated yet,₹233.00
Tell Me Lies,Written by: J. P. Pomare,,Length: 6 hrs and 20 mins,Language: English,4.5 out of 5 stars,190 ratings,₹575.00
Freud Manovishleshan [Freud Psychoanalysis],Written by: Sigmund Freud,,Length: 20 hrs and 13 mins,Language: Hindi,5 out of 5 stars,6 ratings,
Nymphomaniac (Hindi Edition),Written by: Surender Mohan Pathak,,Length: 5 hrs and 59 mins,Language: Hindi,,Not rated yet,₹210.00
The Book of Wisdom,Written by: Osho,The Heart of Tibetan Buddhism,Length: 47 hrs and 6 mins,Language: English,5 out of 5 stars,67 ratings,₹586.00
The White Lotus,Written by: OSHO,Bodhidharma’s Thundering Words on Buddha,Length: 20 hrs and 17 mins,Language: English,5 out of 5 stars,11 ratings,₹445.00
The Picture of Dorian Gray,Written by: Oscar Wilde,,Length: 8 hrs and 35 mins,Language: English,4.5 out of 5 stars,146 ratings,₹569.00
Roads to Mussoorie,Written by: Ruskin Bond,,Length: 3 hrs and 5 mins,Language: English,4.5 out of 5 stars,49 ratings,₹69.00
Stock Market Mein Safal Hone Ke 41 Tips (Hindi Edition),Written by: Mahesh Chandra Kaushik,,Length: 2 hrs and 53 mins,Language: Hindi,5 out of 5 stars,4 ratings,₹69.00
Complex PTSD,Written by: Pete Walker,From Surviving to Thriving,Length: 10 hrs and 28 mins,Language: English,5 out of 5 stars,13 ratings,₹586.00
"Harry Potter and the Half-Blood Prince, Book 6",Written by: J.K. Rowling,,Length: 20 hrs and 31 mins,Language: English,5 out of 5 stars,891 ratings,"₹1,599.00"
Summary of The Bhagavad Gita (Unabridged) (Marathi Edition),Written by: Rainshine Entertainment Private Limited,,Length: 34 mins,Language: English,5 out of 5 stars,3 ratings,₹69.00
Meditation for Leo,"Written by: Jessica Lanyadoo, Audible Sleep",,Length: 34 mins,Language: English,,Not rated yet,₹233.00
Treasure Island,"Written by: Robert Louis Stevenson, Marty Ross - adaptation",An Audible Original Drama,Length: 6 hrs and 23 mins,Language: English,4.5 out of 5 stars,41 ratings,₹759.00
Airport,Written by: Arthur Hailey,,Length: 19 hrs and 17 mins,Language: English,4.5 out of 5 stars,43 ratings,₹820.00
Seatmate,Written by: Cara Bastone,"Love Lines, Book 3",Length: 5 hrs and 10 mins,Language: English,4.5 out of 5 stars,352 ratings,"₹1,003.00"
Think and Grow Rich,Written by: Napoleon Hill,1937 Edition,Length: 10 hrs and 1 min,Language: English,4.5 out of 5 stars,105 ratings,₹32.00
The Secret of Secrets,Written by: Osho,The Secret of the Golden Flower,Length: 53 hrs and 32 mins,Language: English,5 out of 5 stars,241 ratings,₹586.00
Think and Grow Rich,Written by: Napoleon Hill,,Length: 9 hrs and 35 mins,Language: English,4.5 out of 5 stars,80 ratings,₹836.00
A Murder to Remember,Written by: Brynn Kelly,,Length: 10 hrs and 3 mins,Language: English,4 out of 5 stars,34 ratings,"₹1,171.00"
Business Sutra,Written by: Devdutt Pattanaik,A Very Indian Approach to Management,Length: 11 hrs and 26 mins,Language: English,4.5 out of 5 stars,55 ratings,₹530.00
Everyday Gita,Written by: Sunita Pant Bansal,365 Days of Wisdom,Length: 9 hrs and 38 mins,Language: English,5 out of 5 stars,2 ratings,₹668.00
The 12 Week Year,"Written by: Brian P. Moran, Michael Lennington",Get More Done in 12 Weeks than Others Do in 12 Months,Length: 5 hrs and 17 mins,Language: English,4.5 out of 5 stars,103 ratings,₹656.00
2024,Written by: Rajdeep Sardesai,The Election that Surprised India,Length: 20 hrs and 26 mins,Language: English,3 out of 5 stars,9 ratings,"₹1,069.00"
The Power of Your Subconscious Mind,Written by: Joseph Murphy,,Length: 6 hrs and 4 mins,Language: English,4.5 out of 5 stars,395 ratings,₹821.00
Wisdom of the Gods for You and Me,Written by: Devdutt Pattanaik,My Gita and My Hanuman Chalisa,Length: 10 hrs and 14 mins,Language: English,4.5 out of 5 stars,67 ratings,₹488.00
If He Had Been with Me,Written by: Laura Nowlin,,Length: 8 hrs and 37 mins,Language: English,4 out of 5 stars,67 ratings,₹586.00
Kamal Haasan,Written by: K. Hariharan,A Cinematic Journey,Length: 10 hrs and 17 mins,Language: English,4 out of 5 stars,26 ratings,₹69.00
Chandpur Ki Chanda (Hindi Edition),Written by: Atul Kumar Rai,,Length: 11 hrs and 57 mins,Language: Hindi,4.5 out of 5 stars,14 ratings,₹836.00
Kundalini Sadhana (Hindi Edition),Written by: Om Swami,Anant urja ka srota [Source of Infinite Energy],Length: 5 hrs and 25 mins,Language: Hindi,5 out of 5 stars,88 ratings,₹69.00
Mistletoe Murders 3,Written by: Ken Cuperus,,Length: 3 hrs and 56 mins,Language: English,5 out of 5 stars,27 ratings,₹648.00
Maine Ram Ratan Dhan Payo,Written by: OSHO,,Length: 17 hrs and 42 mins,Language: Hindi,5 out of 5 stars,28 ratings,₹284.00
Vishkanya (Hindi Edition),Written by: Surender Mohan Pathak,,Length: 4 hrs and 55 mins,Language: Hindi,5 out of 5 stars,2 ratings,₹210.00
10 Rules for the Perfect Murder,"Written by: James Patterson, Chris Tebbetts",,Length: 3 hrs and 2 mins,Language: English,4 out of 5 stars,38 ratings,₹836.00
Morning Star,Written by: Pierce Brown,Book III of the Red Rising Trilogy,Length: 21 hrs and 50 mins,Language: English,5 out of 5 stars,83 ratings,"₹1,055.00"
Ikigai (Marathi Edition),"Written by: Hector Garcia, Fransesc Miralles, Prasad Dhapre - translator",,Length: 4 hrs and 8 mins,Language: Hindi,5 out of 5 stars,72 ratings,₹69.00
Think Smarter,Written by: Michael Kallet,Critical Thinking to Improve Problem-Solving and Decision-Making Skills,Length: 6 hrs and 53 mins,Language: English,4.5 out of 5 stars,17 ratings,₹586.00
The One Thing (Hindi Edition),"Written by: Gary Keller, Jay Papasan",Asadharan Kaamyabi ki Asaan Raah,Length: 7 hrs and 28 mins,Language: Hindi,4.5 out of 5 stars,121 ratings,₹668.00
Still Hung Up on You,Written by: Liz Maverick,,Length: 2 hrs and 28 mins,Language: English,4.5 out of 5 stars,71 ratings,₹501.00
10 Essential Success Mantras from the Bhagavad Gita (Rupa Quick Reads),Written by: Vimla Patil,,Length: 26 mins,Language: English,4.5 out of 5 stars,49 ratings,₹233.00
The Power of One Thought,Written by: B.K. Shivani,"Master Your Mind, Master Your Life",Length: 9 hrs and 13 mins,Language: English,5 out of 5 stars,30 ratings,₹69.00
Art of War,Written by: Sun Tzu,,Length: 1 hr and 44 mins,Language: Hindi,4.5 out of 5 stars,61 ratings,₹69.00
Annihilation of Caste (Marathi Edition),Written by: B. R. Ambedkar,,Length: 3 hrs and 36 mins,Language: Hindi,5 out of 5 stars,11 ratings,₹501.00
The Science of Entrepreneurship,"Written by: Brian Tracy, Dan Strutzel - with",,Length: 8 hrs and 11 mins,Language: English,5 out of 5 stars,5 ratings,₹586.00
The Science of Getting Rich,Written by: Wallace D. Wattles,,Length: 2 hrs and 25 mins,Language: English,4.5 out of 5 stars,66 ratings,₹70.00
How to Win Friends and Influence People (Marathi Edition),Written by: Dale Carnegie,,Length: 9 hrs and 55 mins,Language: Hindi,5 out of 5 stars,4 ratings,₹668.00
Maybe This Time,Written by: Cara Bastone,,Length: 5 hrs and 45 mins,Language: English,4.5 out of 5 stars,248 ratings,"₹1,003.00"
Narasimha,Written by: Kevin Missal,"The Mahaavtar Trilogy, Book 1",Length: 9 hrs and 59 mins,Language: English,4.5 out of 5 stars,92 ratings,₹69.00
Dehaati Ladke,Written by: Shashank Bhartiya,,Length: 9 hrs and 14 mins,Language: Hindi,4 out of 5 stars,21 ratings,₹668.00
Life in the Fasting Lane,Written by: Dr. Jason Fung,How to Make Intermittent Fasting a Lifestyle - and Reap the Benefits of Weight Loss and Better Health,Length: 7 hrs and 35 mins,Language: English,4.5 out of 5 stars,58 ratings,₹879.00
Dracula,Written by: Bram Stoker,,Length: 18 hrs and 25 mins,Language: English,5 out of 5 stars,22 ratings,₹873.00
The Ancient Science of Mantras,Written by: Om Swami,Wisdom of the Sages,Length: 13 hrs and 12 mins,Language: English,4.5 out of 5 stars,2 ratings,₹69.00
Jeevan Ke Arth Ki Talaash Me Manushya [Man's Search for Meaning],Written by: Viktor E Frankl,,Length: 7 hrs and 33 mins,Language: Hindi,4.5 out of 5 stars,34 ratings,₹245.00
AI & Innovation,"Written by: Michael Lewrick, Omar Hatamleh",How to Transform Your Business and Outpace the Competition with Generative AI,Length: 8 hrs and 37 mins,Language: English,,Not rated yet,₹469.00
How to Write a Lot (2nd Edition),Written by: Paul J. Silvia PhD,A Practical Guide to Productive Academic Writing,Length: 3 hrs and 42 mins,Language: English,5 out of 5 stars,7 ratings,₹469.00
A History of the World in 6 Glasses,Written by: Tom Standage,,Length: 7 hrs and 34 mins,Language: English,4.5 out of 5 stars,25 ratings,₹668.00
Little Women,Written by: Louisa May Alcott,An Audible Original Drama,Length: 12 hrs and 15 mins,Language: English,4.5 out of 5 stars,50 ratings,₹759.00
Din Dahade Dacaity (Hindi Edition),Written by: Surender Mohan Pathak,,Length: 6 hrs and 37 mins,Language: Hindi,,Not rated yet,₹210.00
Impact Winter Season 3,Written by: Travis Beacham,,Length: 7 hrs and 33 mins,Language: English,4.5 out of 5 stars,18 ratings,"₹1,003.00"
Amrit Bel (Hindi Edition),"Written by: Ananya Malviya, Manjit Thakur",,Length: 14 hrs and 29 mins,Language: Hindi,5 out of 5 stars,13 ratings,
Banaras Talkies (Hindi Edition),Written by: Satya Vyas,,Length: 6 hrs,Language: Hindi,4.5 out of 5 stars,134 ratings,₹154.00
As a Man Thinketh (Hindi Edition),Written by: James Allen,,Length: 1 hr and 9 mins,Language: Hindi,5 out of 5 stars,14 ratings,₹233.00
Dark Matter and Dark Energy,Written by: Brian Clegg,The Hidden 95% of the Universe,Length: 4 hrs and 46 mins,Language: English,4.5 out of 5 stars,7 ratings,₹548.00
Women and the Weight Loss Tamasha,Written by: Rujuta Diwekar,,Length: 11 hrs and 38 mins,Language: English,4.5 out of 5 stars,81 ratings,₹69.00
Pratham Aur Antim Mukti [First and Last Redemption],Written by: J. Krishnamurti,,Length: 13 hrs and 57 mins,Language: Hindi,5 out of 5 stars,20 ratings,₹836.00
Byomkesh Bakshi Stories,Written by: Saradindu Bandopadhyay,,Length: 6 hrs and 26 mins,Language: English,4.5 out of 5 stars,569 ratings,₹69.00
Mahayoddha Kalki: Sword of Shiva,Written by: Kevin Missal,"Kalki Trilogy, Book 3",Length: 9 hrs and 30 mins,Language: English,4.5 out of 5 stars,210 ratings,₹69.00
One Arranged Murder,Written by: Chetan Bhagat,,Length: 7 hrs and 58 mins,Language: English,4 out of 5 stars,"1,124 ratings",₹69.00
Vinaashkaari Pralay,Written by: Vineet Bajpai,"Harappa, Book 2",Length: 9 hrs and 16 mins,Language: Hindi,4.5 out of 5 stars,32 ratings,₹233.00
Satyayoddha Kalki: Eye of Brahma (Hindi Edition),Written by: Kevin Missal,"Kalki, Book 2",Length: 13 hrs and 42 mins,Language: Hindi,5 out of 5 stars,2 ratings,₹69.00
Sukh Ki Khoj (Hindi),Written by: OSHO,,Length: 1 hr and 49 mins,Language: Hindi,4.5 out of 5 stars,31 ratings,₹167.00
Ghosts of the Silent Hills,Written by: Anita Krishan,Stories Based on True Hauntings,Length: 9 hrs and 54 mins,Language: English,4 out of 5 stars,102 ratings,₹69.00
"Harry Potter and the Order of the Phoenix, Book 5",Written by: J.K. Rowling,,Length: 29 hrs and 1 min,Language: English,5 out of 5 stars,"1,012 ratings","₹1,599.00"
How to Stop Worrying and Start Living (Marathi Edition),Written by: Dale Carnegie,,Length: 13 hrs and 22 mins,Language: Hindi,5 out of 5 stars,1 rating,₹836.00
The Psychology of Selling,Written by: Brian Tracy,Increase Your Sales Faster and Easier Than You Ever Thought Possible,Length: 6 hrs and 18 mins,Language: English,4.5 out of 5 stars,63 ratings,₹586.00
Frankenstein,Written by: Mary Shelley,,Length: 8 hrs and 35 mins,Language: English,4.5 out of 5 stars,110 ratings,₹836.00
The Thirteen Principal Upanishads,Written by: uncredited,,Length: 11 hrs and 12 mins,Language: English,4.5 out of 5 stars,38 ratings,₹570.00
The Whole Bible Story,Written by: Dr. William H. Marty,Everything That Happens in the Bible in Plain English,Length: 9 hrs and 56 mins,Language: English,5 out of 5 stars,9 ratings,₹703.00
Exit Strategy,Written by: Martha Wells,,Length: 3 hrs and 46 mins,Language: English,4.5 out of 5 stars,61 ratings,₹469.00
Winter Turning,Written by: Tui T. Sutherland,"Wings of Fire, Book 7",Length: 7 hrs and 30 mins,Language: English,5 out of 5 stars,13 ratings,₹586.00
Sleeping Giants,Written by: Sylvain Neuvel,"Themis Files, Book 1",Length: 8 hrs and 27 mins,Language: English,4.5 out of 5 stars,108 ratings,₹820.00
God Emperor of Dune,Written by: Frank Herbert,,Length: 15 hrs and 48 mins,Language: English,4.5 out of 5 stars,22 ratings,₹221.00
Narmadayan (Marathi Edition),Written by: Uday Nagnath,,Length: 8 hrs and 7 mins,Language: Hindi,4.5 out of 5 stars,19 ratings,₹668.00
Impact Winter Season 2,Written by: Travis Beacham,,Length: 5 hrs and 38 mins,Language: English,4.5 out of 5 stars,45 ratings,₹836.00
Ashadh ka Ek Din [Free One Day],Written by: Mohan Rakesh,,Length: 3 hrs and 31 mins,Language: Hindi,4.5 out of 5 stars,42 ratings,
The Mysterious Case of Agatha Christie,"Written by: Maureen Corrigan, The Great Courses",,Length: 5 hrs and 43 mins,Language: English,4.5 out of 5 stars,16 ratings,"₹1,003.00"
A Touch of Darkness,Written by: Scarlett St. Clair,"Hades & Persephone Series, Book 1",Length: 11 hrs and 6 mins,Language: English,4 out of 5 stars,57 ratings,₹586.00
The Woman in White,Written by: Wilkie Collins,,Length: 24 hrs and 37 mins,Language: English,4.5 out of 5 stars,41 ratings,₹987.00
The Master of Mankind,Written by: Aaron Dembski-Bowden,"The Horus Heresy, Book 41",Length: 12 hrs and 34 mins,Language: English,4.5 out of 5 stars,4 ratings,"₹1,138.00"
The Perfect Son,Written by: Freida McFadden,,Length: 7 hrs and 58 mins,Language: English,4 out of 5 stars,94 ratings,₹586.00
How to Influence Anyone Anywhere Every Time,"Written by: Colin James, Erica Bagshaw",The Art and Science of Communication at Work,Length: 6 hrs and 56 mins,Language: English,,Not rated yet,₹703.00
Chhoti Chhoti Baton ka Tension na Le (Hindi Edition of Don't Sweat the Small Stuff and It's All Small Stuff),Written by: Richard Carlson,,Length: 7 hrs and 50 mins,Language: Hindi,,Not rated yet,₹489.00
"If You Meet the Buddha On the Road, Kill Him",Written by: Sheldon Kopp,,Length: 1 hr and 35 mins,Language: English,5 out of 5 stars,5 ratings,₹13.00
Dark Horse: Ek Ankahi Dastan (Hindi Edition),Written by: Nilotpal Mrinal,,Length: 6 hrs and 13 mins,Language: Hindi,5 out of 5 stars,445 ratings,₹69.00
HBR Handbooks Series: Harvard Business Review Project Management Handbook,Written by: Antonio Nieto-Rodriguez,"How to Launch, Lead, and Sponsor Successful Projects",Length: 9 hrs and 59 mins,Language: English,4 out of 5 stars,5 ratings,₹469.00
The Original,"Written by: Brandon Sanderson, Mary Robinette Kowal",,Length: 3 hrs and 25 mins,Language: English,4.5 out of 5 stars,52 ratings,₹469.00
Happier,Written by: Tal Ben-Shahar,Learn the Secrets to Daily Joy and Lasting Fulfillment,Length: 4 hrs and 6 mins,Language: English,4.5 out of 5 stars,20 ratings,₹632.00
The Untethered Soul,Written by: Michael A. Singer,The Journey Beyond Yourself,Length: 6 hrs and 11 mins,Language: English,5 out of 5 stars,393 ratings,₹820.00
30 Days to a More Powerful Business Vocabulary,Written by: Dan Strutzel,The 500 Words You Need to Transform Your Career and Your Life,Length: 5 hrs and 16 mins,Language: English,4.5 out of 5 stars,10 ratings,₹469.00
Dracula [Audible Edition],Written by: Bram Stoker,,Length: 15 hrs and 27 mins,Language: English,4.5 out of 5 stars,125 ratings,"₹1,003.00"
Sare Pravasi Ghadiche,Written by: Jayavant Dalvi,Marathi Audiobook,Length: 2 hrs and 41 mins,Language: English,4.5 out of 5 stars,70 ratings,₹328.00
Himalaywasi Guru Aur Chati Indri [The Himalayan Guru and the Sixth Sense],Written by: Dr. Priyabhishek Sharma,आध्यात्मिक मार्ग की अद्भुत यात्रा [Wonderful Journey on the Spiritual Path],Length: 5 hrs and 23 mins,Language: Hindi,4.5 out of 5 stars,121 ratings,₹69.00
Bharat Ke Pradhanmantri (Hindi Edition),Written by: Rashid Kidwai,,Length: 6 hrs and 50 mins,Language: Hindi,,Not rated yet,₹210.00
Elantris (Dramatized Adaptation),Written by: Brandon Sanderson,,Length: 18 hrs and 35 mins,Language: English,4.5 out of 5 stars,29 ratings,"₹1,149.00"
Booked for the Holidays,Written by: Liz Maverick,,Length: 3 hrs and 41 mins,Language: English,4 out of 5 stars,19 ratings,₹836.00
Happiness,Written by: Harvard Business Review,HBR Emotional Intelligence Series,Length: 2 hrs and 29 mins,Language: English,4 out of 5 stars,13 ratings,₹234.00
The God Conspiracy,Written by: OSHO,The Path from Superstition to Super Consciousness,Length: 21 hrs and 10 mins,Language: English,5 out of 5 stars,23 ratings,₹445.00
Jaan ka Khatra [Danger to Life],Written by: Surender Mohan Pathak,,Length: 4 hrs and 15 mins,Language: Hindi,4.5 out of 5 stars,9 ratings,₹69.00
Kulfi and Cappuccino (Hindi Edition),Written by: Ashish Chaudhary,,Length: 9 hrs and 32 mins,Language: Hindi,4.5 out of 5 stars,167 ratings,₹243.00
The Pickwick Papers,"Written by: Charles Dickens, Neil Gaiman",The Audible Dickens Collection,Length: 32 hrs and 27 mins,Language: English,5 out of 5 stars,9 ratings,"₹1,518.00"
Maut Ki Aahat [The Sound of Death],Written by: Surender Mohan Pathak,,Length: 5 hrs and 25 mins,Language: Hindi,4.5 out of 5 stars,18 ratings,₹69.00
Tales of Fosterganj,Written by: Ruskin Bond,,Length: 3 hrs and 11 mins,Language: English,4.5 out of 5 stars,44 ratings,₹290.00
Shatranj Ke Khiladi Aur Anya Kahaniyaan [Chess Players and Other Stories],Written by: Premchand,,Length: 8 hrs and 38 mins,Language: Hindi,4.5 out of 5 stars,15 ratings,
Age of Swords [Dramatized Adaptation],Written by: Michael J. Sullivan,"The Legends of the First Empire, Book 2",Length: 14 hrs and 2 mins,Language: English,4.5 out of 5 stars,11 ratings,"₹1,031.00"
Transcendence,Written by: TurtleMe,"The Beginning After the End, Book 6",Length: 15 hrs and 11 mins,Language: English,5 out of 5 stars,17 ratings,"₹1,340.00"
The Coldest Case: A Black Book Audio Drama,"Written by: James Patterson, Aaron Tracy, Ryan Silbert",,Length: 3 hrs and 52 mins,Language: English,4 out of 5 stars,291 ratings,"₹1,003.00"
HBR's 10 Must Reads on High Performance,Written by: Harvard Business Review,"With Bonus Article ""The Right Way to Form New Habits”. An Interview with James Clear",Length: 6 hrs and 12 mins,Language: English,4.5 out of 5 stars,3 ratings,₹586.00
Ramayana (Hindi Edition),Written by: Anand Neelakantan,Anek Kathayein Aur Sandarbh [Many Stories and References],Length: 15 hrs and 15 mins,Language: Hindi,5 out of 5 stars,172 ratings,₹69.00
Naina (Hindi Edition),Written by: Sanjeev Paliwal,,Length: 10 hrs and 57 mins,Language: Hindi,4 out of 5 stars,69 ratings,₹284.00
Tigers for Dinner,Written by: Ruskin Bond,Tall Tales by Jim Corbett's Khansama,Length: 39 mins,Language: English,4.5 out of 5 stars,71 ratings,₹69.00
The Tales of Max Carrados,Written by: Ernest Bramah,,Length: 11 hrs and 11 mins,Language: English,4.5 out of 5 stars,21 ratings,₹721.00
The Three Musketeers,"Written by: Alexandre Dumas, Marty Ross",An Audible Original Drama,Length: 8 hrs and 35 mins,Language: English,5 out of 5 stars,14 ratings,₹759.00
"Ponniyin Selvan - Part 4 [The Son of Ponni, Part 4]",Written by: Kalki,,Length: 11 hrs and 46 mins,Language: Tamil,5 out of 5 stars,359 ratings,₹118.00
Can Fasting Save Your Life?,"Written by: Toshia Myers PhD, Alan Goldhamer DC",,Length: 4 hrs and 19 mins,Language: English,5 out of 5 stars,1 rating,₹609.00
Water Moon,Written by: Samantha Sotto Yambao,,Length: 9 hrs and 41 mins,Language: English,,Not rated yet,₹957.00
Keeping 13,Written by: Chloe Walsh,Part One,Length: 15 hrs and 56 mins,Language: English,4.5 out of 5 stars,3 ratings,₹804.00
Oversubscribed,Written by: Daniel Priestley,How to Get People Lined Up to Do Business with You (2nd Edition),Length: 6 hrs and 33 mins,Language: English,5 out of 5 stars,29 ratings,₹703.00
Devi Bhagwat Puran,Written by: Dr. Vinay,,Length: 7 hrs and 13 mins,Language: Hindi,5 out of 5 stars,65 ratings,
Summary of The Secret (Hindi Edition),Written by: Abhishek Therkar,,Length: 30 mins,Language: Hindi,4.5 out of 5 stars,6 ratings,₹69.00
"Harry Potter and the Deathly Hallows, Book 7",Written by: J.K. Rowling,,Length: 23 hrs and 59 mins,Language: English,5 out of 5 stars,"1,434 ratings","₹1,599.00"
The Hidden Power of Gayatri Mantra,Written by: Om Swami,How to Realize Your Full Potential Through Daily Practice,Length: 3 hrs and 55 mins,Language: English,4.5 out of 5 stars,11 ratings,₹69.00
The Law of Success,Written by: Paramahansa Yogananda,"Using the Power of Spirit to Create Health, Prosperity, and Happiness",Length: 27 mins,Language: English,5 out of 5 stars,75 ratings,₹234.00
The Modern Intellectual Tradition: From Descartes to Derrida,"Written by: Lawrence Cahoone, The Great Courses",,Length: 18 hrs and 46 mins,Language: English,5 out of 5 stars,8 ratings,"₹1,405.00"
Shakti Rising,"Written by: Kavitha M. Chinnaiyan MD, Greg Goode - foreword",Embracing Shadow and Light on the Goddess Path to Wholeness,Length: 8 hrs and 11 mins,Language: English,5 out of 5 stars,12 ratings,₹586.00
Animal Farm (Hindi Edition),Written by: George Orwell,,Length: 3 hrs and 54 mins,Language: Hindi,4.5 out of 5 stars,122 ratings,₹69.00
Autobiography of a Yogi (Hindi Edition),Written by: Paramahansa Yogananda,,Length: 23 hrs and 46 mins,Language: Hindi,4.5 out of 5 stars,363 ratings,₹69.00
The Beauty of the Human Soul,Written by: OSHO,Provocations into Consciousness,Length: 22 hrs and 36 mins,Language: English,5 out of 5 stars,12 ratings,₹445.00
Orwell Collection,Written by: George Orwell,Animal Farm & 1984,Length: 16 hrs and 18 mins,Language: English,4.5 out of 5 stars,277 ratings,"₹1,138.00"
The Housewife’s Secret,Written by: Anna-Lou Weatherley,,Length: 9 hrs and 42 mins,Language: English,4.5 out of 5 stars,50 ratings,₹569.00
The Hardest Fall,Written by: Ella Maise,,Length: 11 hrs and 53 mins,Language: English,4 out of 5 stars,14 ratings,₹703.00
Satyayoddha Kalki: Eye of Brahma,Written by: Kevin Missal,"Kalki Trilogy, Book 2",Length: 12 hrs and 1 min,Language: English,4.5 out of 5 stars,179 ratings,₹69.00
The Oath of the Vayuputras (English),Written by: Amish Tripathi,"Shiva Trilogy, Book 3",Length: 17 hrs and 12 mins,Language: English,5 out of 5 stars,219 ratings,₹245.00
Crime and Punishment,Written by: Fyodor Dostoyevsky,,Length: 22 hrs and 27 mins,Language: English,4.5 out of 5 stars,17 ratings,₹987.00
Kane & Abel (Hindi Edition),Written by: Jeffrey Archer,,Length: 16 hrs and 58 mins,Language: Hindi,5 out of 5 stars,8 ratings,₹69.00
Dhyan Yoga ध्यान योग: अंतरात्मा से मिलन [Dhyan Yoga: Union with the Soul],Written by: Om Swami,,Length: 6 hrs and 21 mins,Language: Hindi,5 out of 5 stars,104 ratings,₹69.00
Amrit Path (Hindi),Written by: OSHO,,Length: 1 hr and 18 mins,Language: Hindi,5 out of 5 stars,7 ratings,₹167.00
"Harry Potter and the Chamber of Secrets, Book 2",Written by: J.K. Rowling,,Length: 9 hrs and 43 mins,Language: English,5 out of 5 stars,"1,297 ratings",₹999.00
To Love Jason Thorn,Written by: Ella Maise,,Length: 11 hrs and 20 mins,Language: English,4 out of 5 stars,29 ratings,₹820.00
The Hidden Kingdom,Written by: Tui T. Sutherland,"Wings of Fire, Book 3",Length: 7 hrs and 34 mins,Language: English,5 out of 5 stars,12 ratings,₹575.00
Ponniyin Selvan,Written by: Kalki,,Length: 61 hrs and 52 mins,Language: Tamil,5 out of 5 stars,16 ratings,₹699.00
The Mists of Brahma,Written by: Christopher C. Doyle,"The Pataala Prophecy, Book 2",Length: 11 hrs and 4 mins,Language: English,4.5 out of 5 stars,67 ratings,₹375.00
Not Another Christmas Rom Com,Written by: A. J. Pine,,Length: 6 hrs and 7 mins,Language: English,4 out of 5 stars,14 ratings,"₹1,003.00"
Night Train at Deoli (Hindi Edition),Written by: Ruskin Bond,,Length: 6 hrs and 43 mins,Language: Hindi,4.5 out of 5 stars,41 ratings,₹278.00
The Bhagavad Gita,Written by: Eknath Easwaran,,Length: 8 hrs and 54 mins,Language: English,4.5 out of 5 stars,441 ratings,₹350.00
A Fistful of Love,Written by: Om Swami,Wisdom and Humour from a Monk’s Bowl,Length: 6 hrs and 51 mins,Language: English,5 out of 5 stars,136 ratings,₹284.00
Cybersecurity,"Written by: Harvard Business Review, Alex Blau, Andrew Burt, Boris Groysberg",The Insights You Need from Harvard Business Review,Length: 2 hrs and 56 mins,Language: English,4 out of 5 stars,11 ratings,₹469.00
Mastery,Written by: George Leonard,The Keys to Success and Long-Term Fulfillment,Length: 3 hrs and 37 mins,Language: English,4.5 out of 5 stars,58 ratings,₹351.00
Speak to Win,Written by: Brian Tracy,How to Present with Power in Any Situation,Length: 5 hrs and 13 mins,Language: English,4.5 out of 5 stars,22 ratings,₹468.00
Shyamchi Aai (Marathi Edition),Written by: Sane Guruji,,Length: 9 hrs and 6 mins,Language: Marathi,5 out of 5 stars,1 rating,₹69.00
Sherlock Holmes: The Definitive Collection,"Written by: Stephen Fry - introductions, Arthur Conan Doyle",,Length: 71 hrs and 57 mins,Language: English,5 out of 5 stars,"1,098 ratings","₹3,037.00"
Mind Full to Mindful,Written by: Om Swami,Zen Wisdom from a Monk's Bowl,Length: 4 hrs and 4 mins,Language: English,4.5 out of 5 stars,7 ratings,₹69.00
Stiff,Written by: Mary Roach,The Curious Lives of Human Cadavers,Length: 8 hrs,Language: English,4.5 out of 5 stars,9 ratings,₹703.00
The Secret of the Nagas,Written by: Amish Tripathi,,Length: 10 hrs and 9 mins,Language: English,5 out of 5 stars,232 ratings,₹220.00
The Bookworm Crush,Written by: Lisa Brown Roberts,,Length: 10 hrs and 34 mins,Language: English,4 out of 5 stars,29 ratings,₹703.00
The Dhandho Investor,Written by: Mohnish Pabrai,The Low-Risk Value Method to High Returns,Length: 5 hrs and 4 mins,Language: English,4.5 out of 5 stars,533 ratings,₹469.00
Who Were the Shudras?,Written by: B. R. Ambedkar,,Length: 10 hrs and 35 mins,Language: English,5 out of 5 stars,1 rating,₹69.00
Bakar Puran (Hindi Edition),Written by: Ajeet Bharti,,Length: 4 hrs and 28 mins,Language: Hindi,4 out of 5 stars,37 ratings,₹165.00
Shreshthata Ka Manovigyan (Hindi),Written by: OSHO,,Length: 1 hr and 34 mins,Language: Hindi,4.5 out of 5 stars,28 ratings,₹167.00
Harvard Business Review Emotional Intelligence Collection,Written by: Harvard Business Review,"Happiness, Resilience, Empathy, Mindfulness (HBR Emotional Intelligence Series)",Length: 8 hrs and 1 min,Language: English,4.5 out of 5 stars,11 ratings,₹586.00
Percy Jackson and the Battle of the Labyrinth,Written by: Rick Riordan,"Percy Jackson, Book 4",Length: 10 hrs and 32 mins,Language: English,5 out of 5 stars,142 ratings,₹820.00
The Heart Sutra,Written by: Osho,Becoming a Buddha Through Meditation,Length: 16 hrs and 24 mins,Language: English,5 out of 5 stars,32 ratings,₹445.00
"Change Your Habits, Change Your Life",Written by: Ashdin Doctor,Your Guide to an Awesome Life,Length: 5 hrs and 44 mins,Language: English,5 out of 5 stars,24 ratings,₹69.00
Crave,Written by: Tracy Wolff,"Crave Series, Book 1",Length: 14 hrs and 56 mins,Language: English,4.5 out of 5 stars,27 ratings,₹820.00
Common Stocks and Uncommon Profits and Other Writings,"Written by: Philip A. Fisher, Kenneth L. Fisher - introduction contributor",2nd Edition,Length: 13 hrs and 10 mins,Language: English,4.5 out of 5 stars,62 ratings,₹703.00
"The Dhammapada, Vol. 1",Written by: Osho,The Way of the Buddha,Length: 17 hrs and 51 mins,Language: English,5 out of 5 stars,37 ratings,₹445.00
The Warded Man [Dramatized Adaptation],Written by: Peter V. Brett,"Demon Cycle, Book 1",Length: 12 hrs and 54 mins,Language: English,4.5 out of 5 stars,11 ratings,"₹1,008.00"
Yupi 65 (UP 65) (Hindi Edition),Written by: Nikhil Sachan,,Length: 5 hrs and 55 mins,Language: Hindi,4.5 out of 5 stars,120 ratings,₹173.00
Aahuti [Sacrifice],Written by: Saurabh Kudesia,"Mahabharat Aadhaarit Pauranik Rahasya Gaatha Khand 3 [Mahabharata Based Mythological Mystery Story, Part 3]",Length: 10 hrs and 47 mins,Language: Hindi,4 out of 5 stars,4 ratings,₹69.00
Men of Honor Series,Written by: K.C. Lynn,"Military Romance Boxed Set, Books 1-4",Length: 36 hrs and 22 mins,Language: English,4.5 out of 5 stars,3 ratings,"₹1,055.00"
Railampel (Hindi Edition),"Written by: Nilotpal Mrinal, Hind Yugm",,Length: 3 hrs and 3 mins,Language: Hindi,5 out of 5 stars,17 ratings,₹69.00
Kasturi Kundal Basai,Written by: OSHO,,Length: 15 hrs,Language: Hindi,5 out of 5 stars,46 ratings,₹284.00
Knocked Up by the CEO,Written by: Lilian Monroe,"Knocked Up Series, Book 1",Length: 5 hrs and 44 mins,Language: English,4 out of 5 stars,8 ratings,₹586.00
If God Was a Banker,Written by: Ravi Subramanian,,Length: 9 hrs and 15 mins,Language: English,4.5 out of 5 stars,88 ratings,₹245.00
All These Worlds,Written by: Dennis E. Taylor,"Bobiverse, Book 3",Length: 7 hrs and 56 mins,Language: English,5 out of 5 stars,106 ratings,"₹1,003.00"
Enemies of the State,Written by: Tal Bauer,"Executive Office Series, Book 1",Length: 14 hrs and 15 mins,Language: English,4.5 out of 5 stars,5 ratings,₹703.00
The Ultimate Deepak Chopra Collection,Written by: Deepak Chopra MD,,Length: 20 hrs and 41 mins,Language: English,5 out of 5 stars,44 ratings,"₹2,008.00"
The Butcher's Masquerade,Written by: Matt Dinniman,"Dungeon Crawler Carl, Book 5",Length: 23 hrs and 33 mins,Language: English,5 out of 5 stars,29 ratings,"₹1,171.00"
The Grace of Kings,Written by: Ken Liu,"The Dandelion Dynasty, Book 1",Length: 23 hrs and 7 mins,Language: English,,Not rated yet,₹759.00
Unconditional Parenting,Written by: Alfie Kohn,Moving from Rewards and Punishments to Love and Reason,Length: 8 hrs and 41 mins,Language: English,4.5 out of 5 stars,57 ratings,₹703.00
Management,Written by: Brian Tracy,The Brian Tracy Success Library,Length: 2 hrs and 28 mins,Language: English,5 out of 5 stars,4 ratings,₹351.00
Yoga & Ayurveda,Written by: Dr. David Frawley,Self-Healing and Self-Realization,Length: 9 hrs and 43 mins,Language: English,4.5 out of 5 stars,7 ratings,₹703.00
Disney Pixar Cars: The Legend of the Crystal Hubcap,"Written by: Disney Press, Steve Behling",,Length: 1 hr and 3 mins,Language: English,4.5 out of 5 stars,7 ratings,₹501.00
"Venture Deals, 4th Edition","Written by: Brad Feld, Jason Mendelson",Be Smarter than Your Lawyer and Venture Capitalist,Length: 11 hrs and 4 mins,Language: English,5 out of 5 stars,21 ratings,₹703.00
Summary of The Secret (Tamil Edition),Written by: Kumar K. Logesh,,Length: 30 mins,Language: Tamil,4.5 out of 5 stars,4 ratings,₹69.00
You Are the Placebo Meditation 2 (Revised Edition),Written by: Dr. Joe Dispenza,Changing One Belief and Perception,Length: 58 mins,Language: English,5 out of 5 stars,38 ratings,₹301.00
HOPE,"Written by: Pope Francis, Richard Dixon",The Autobiography,Length: 12 hrs and 41 mins,Language: English,,Not rated yet,"₹1,093.00"
Jadugarni [Sorceress],Written by: Surender Mohan Pathak,,Length: 8 hrs and 24 mins,Language: Hindi,5 out of 5 stars,28 ratings,₹69.00
Chakallas (Hindi Edition),Written by: Amritlal Nagar,,Length: 9 hrs and 15 mins,Language: Hindi,4 out of 5 stars,23 ratings,₹668.00
Malaikallan,Written by: Namakkal Kavignar,,Length: 9 hrs and 9 mins,Language: Tamil,4.5 out of 5 stars,35 ratings,₹209.00
Jin Sutra Vol.1,Written by: OSHO,,Length: 16 hrs and 57 mins,Language: Hindi,5 out of 5 stars,22 ratings,₹284.00
"Ponniyin Selvan - Part 1 [The Son of Ponni, Part 1]",Written by: Kalki,,Length: 14 hrs,Language: Tamil,5 out of 5 stars,781 ratings,₹118.00
Ghost Stories: Stephen Fry's Definitive Collection,"Written by: Stephen Fry, Washington Irving, M.R. James, Amelia B. Edwards, Robert Louis Stevenson, Algernon Blackwood, Edgar Allan Poe, Charlotte Riddell, Bram Stoker",,Length: 8 hrs and 18 mins,Language: English,4.5 out of 5 stars,18 ratings,₹569.00
Peppa Pig: Once Upon a Time,Written by: Ladybird,,Length: 59 mins,Language: English,5 out of 5 stars,35 ratings,₹410.00
The Art of War,Written by: Sun Tzu,,Length: 1 hr and 7 mins,Language: English,4 out of 5 stars,"1,066 ratings",₹333.00
The Wellness Sense,Written by: Om Swami,A Practical Guide to Your Physical and Emotional Health Based on Ayurvedic and Yogic Wisdom,Length: 6 hrs and 10 mins,Language: English,5 out of 5 stars,134 ratings,"₹1,312.00"
Quantum Physics,Written by: Michael G. Raymer,What Everyone Needs to Know,Length: 9 hrs and 17 mins,Language: English,4 out of 5 stars,5 ratings,₹586.00
Prarthana Nahi – Dhyan (Hindi),Written by: OSHO,,Length: 1 hr and 19 mins,Language: Hindi,4 out of 5 stars,4 ratings,₹167.00
Gayatri Sadhana (Hindi Edition),Written by: Om Swami,The Ultimate Power,Length: 5 hrs and 20 mins,Language: Hindi,5 out of 5 stars,85 ratings,₹69.00
101 Essays That Will Change the Way You Think,Written by: Brianna Wiest,,Length: 10 hrs and 45 mins,Language: English,4.5 out of 5 stars,169 ratings,₹586.00
Playing Big,Written by: Tara Mohr,,Length: 8 hrs and 26 mins,Language: English,5 out of 5 stars,10 ratings,₹683.00
Aahwan (Hindi Edition),Written by: Saurabh Kudesia,Mahabharat Aadhaarit Pauranik Rahasya Gaatha Khand 1,Length: 10 hrs and 37 mins,Language: Hindi,4.5 out of 5 stars,11 ratings,₹69.00
Jeeves & Wooster,Written by: P. G. Wodehouse,The Collected Radio Dramas,Length: 17 hrs and 56 mins,Language: English,5 out of 5 stars,48 ratings,₹957.00
Do Epic Shit,Written by: Ankur Warikoo,,Length: 3 hrs and 17 mins,Language: English,4 out of 5 stars,"1,618 ratings",₹69.00
Star Wars: Padawan's Pride,"Written by: Lucasfilm Press, Bryan Q. Miller",,Length: 3 hrs and 57 mins,Language: English,4.5 out of 5 stars,5 ratings,₹836.00
The Emperor's Soul [Dramatized Adaptation],Written by: Brandon Sanderson,Elantris,Length: 3 hrs and 31 mins,Language: English,4.5 out of 5 stars,32 ratings,₹469.00
Bhagavad Gita for Children,Written by: Pegasus Books,,Length: 2 hrs and 6 mins,Language: English,4 out of 5 stars,13 ratings,₹69.00
Shyamchi Aai (Marathi Edition),Written by: Sane Guruji,,Length: 9 hrs and 6 mins,Language: Marathi,5 out of 5 stars,1 rating,₹69.00
Sherlock Holmes: The Definitive Collection,"Written by: Stephen Fry - introductions, Arthur Conan Doyle",,Length: 71 hrs and 57 mins,Language: English,5 out of 5 stars,"1,098 ratings","₹3,037.00"
Mind Full to Mindful,Written by: Om Swami,Zen Wisdom from a Monk's Bowl,Length: 4 hrs and 4 mins,Language: English,4.5 out of 5 stars,7 ratings,₹69.00
Stiff,Written by: Mary Roach,The Curious Lives of Human Cadavers,Length: 8 hrs,Language: English,4.5 out of 5 stars,9 ratings,₹703.00
The Secret of the Nagas,Written by: Amish Tripathi,,Length: 10 hrs and 9 mins,Language: English,5 out of 5 stars,232 ratings,₹220.00
The Bookworm Crush,Written by: Lisa Brown Roberts,,Length: 10 hrs and 34 mins,Language: English,4 out of 5 stars,29 ratings,₹703.00
The Dhandho Investor,Written by: Mohnish Pabrai,The Low-Risk Value Method to High Returns,Length: 5 hrs and 4 mins,Language: English,4.5 out of 5 stars,533 ratings,₹469.00
Who Were the Shudras?,Written by: B. R. Ambedkar,,Length: 10 hrs and 35 mins,Language: English,5 out of 5 stars,1 rating,₹69.00
Bakar Puran (Hindi Edition),Written by: Ajeet Bharti,,Length: 4 hrs and 28 mins,Language: Hindi,4 out of 5 stars,37 ratings,₹165.00
Shreshthata Ka Manovigyan (Hindi),Written by: OSHO,,Length: 1 hr and 34 mins,Language: Hindi,4.5 out of 5 stars,28 ratings,₹167.00
Harvard Business Review Emotional Intelligence Collection,Written by: Harvard Business Review,"Happiness, Resilience, Empathy, Mindfulness (HBR Emotional Intelligence Series)",Length: 8 hrs and 1 min,Language: English,4.5 out of 5 stars,11 ratings,₹586.00
Percy Jackson and the Battle of the Labyrinth,Written by: Rick Riordan,"Percy Jackson, Book 4",Length: 10 hrs and 32 mins,Language: English,5 out of 5 stars,142 ratings,₹820.00
The Heart Sutra,Written by: Osho,Becoming a Buddha Through Meditation,Length: 16 hrs and 24 mins,Language: English,5 out of 5 stars,32 ratings,₹445.00
"Change Your Habits, Change Your Life",Written by: Ashdin Doctor,Your Guide to an Awesome Life,Length: 5 hrs and 44 mins,Language: English,5 out of 5 stars,24 ratings,₹69.00
Crave,Written by: Tracy Wolff,"Crave Series, Book 1",Length: 14 hrs and 56 mins,Language: English,4.5 out of 5 stars,27 ratings,₹820.00
Common Stocks and Uncommon Profits and Other Writings,"Written by: Philip A. Fisher, Kenneth L. Fisher - introduction contributor",2nd Edition,Length: 13 hrs and 10 mins,Language: English,4.5 out of 5 stars,62 ratings,₹703.00
"The Dhammapada, Vol. 1",Written by: Osho,The Way of the Buddha,Length: 17 hrs and 51 mins,Language: English,5 out of 5 stars,37 ratings,₹445.00
The Warded Man [Dramatized Adaptation],Written by: Peter V. Brett,"Demon Cycle, Book 1",Length: 12 hrs and 54 mins,Language: English,4.5 out of 5 stars,11 ratings,"₹1,008.00"
Yupi 65 (UP 65) (Hindi Edition),Written by: Nikhil Sachan,,Length: 5 hrs and 55 mins,Language: Hindi,4.5 out of 5 stars,120 ratings,₹173.00
Aahuti [Sacrifice],Written by: Saurabh Kudesia,"Mahabharat Aadhaarit Pauranik Rahasya Gaatha Khand 3 [Mahabharata Based Mythological Mystery Story, Part 3]",Length: 10 hrs and 47 mins,Language: Hindi,4 out of 5 stars,4 ratings,₹69.00
The Mastery Manual (Hindi),Written by: Robin Sharma,A Life-Changing Guide for Personal and Professional Greatness,Length: 4 hrs and 51 mins,Language: Hindi,4.5 out of 5 stars,101 ratings,₹239.00
Summary of 48 Laws of Power (Hindi Edition),Written by: Rainshine Entertainment Private Limited,,Length: 40 mins,Language: Hindi,4 out of 5 stars,6 ratings,₹69.00
Fault Lines,Written by: Raghuram G. Rajan,How Hidden Fractures Still Threaten the World Economy,Length: 11 hrs and 19 mins,Language: English,4 out of 5 stars,42 ratings,₹498.00
"The Tantra Experience (The Tantra Vision, Vol. 1)",Written by: Osho,Evolution Through Love,Length: 16 hrs and 21 mins,Language: English,5 out of 5 stars,58 ratings,₹445.00
Bridgerton: Romancing Mister Bridgerton,Written by: Julia Quinn,"Bridgertons, Book 4",Length: 13 hrs and 17 mins,Language: English,4.5 out of 5 stars,51 ratings,₹804.00
Rarang Dhang,Written by: Prabhakar Pendharkar,Marathi Audiobook,Length: 3 hrs and 27 mins,Language: English,5 out of 5 stars,122 ratings,₹375.00
The Greatest Bengali Stories Ever Told,Written by: Arunava Sinha,,Length: 10 hrs and 8 mins,Language: English,3.5 out of 5 stars,65 ratings,₹69.00
Hot Asset,Written by: Lauren Layne,"21 Wall Street Series, Book 1",Length: 7 hrs and 39 mins,Language: English,4 out of 5 stars,40 ratings,₹773.00
Ajab-Gazab Meri Duniya [My World],Written by: Ruskin Bond,,Length: 7 hrs and 23 mins,Language: Hindi,5 out of 5 stars,5 ratings,₹260.00
Warbreaker (Dramatized Adaptation),Written by: Brandon Sanderson,,Length: 17 hrs and 50 mins,Language: English,5 out of 5 stars,20 ratings,"₹1,125.00"
Erotic Stories for Punjabi Widows,Written by: Balli Kaur Jaswal,A Novel,Length: 10 hrs and 34 mins,Language: English,4.5 out of 5 stars,78 ratings,"₹1,406.00"
Thuppariyum Sambu Part 2 (Tamil Edition),Written by: Devan,,Length: 2 hrs and 29 mins,Language: Tamil,5 out of 5 stars,30 ratings,₹62.00
Stealing the Corner Office,Written by: Brendan Reid,The Winning Career Strategies They'll Never Teach You in Business School,Length: 5 hrs and 44 mins,Language: English,5 out of 5 stars,11 ratings,₹586.00
Esther & Jerry Hicks: The Law of Attraction (Hindi Edition),"Written by: Esther Hicks, Jerry Hicks",,Length: 7 hrs and 23 mins,Language: Hindi,4 out of 5 stars,1 rating,₹69.00
Kabhi Gaanv Kabhi College (Hindi Edition),Written by: Agam Jain,,Length: 4 hrs and 32 mins,Language: Hindi,4.5 out of 5 stars,8 ratings,₹69.00
The Diary of a Young Girl [Hindi],Written by: Anne Frank,,Length: 11 hrs and 41 mins,Language: Hindi,4.5 out of 5 stars,59 ratings,₹166.00
True Colours,Written by: Adam Gilchrist,My Life,Length: 17 hrs and 8 mins,Language: English,4.5 out of 5 stars,21 ratings,₹611.00
Clear Thinking,Written by: Shane Parrish,Turning Ordinary Moments into Extraordinary Results,Length: 6 hrs and 41 mins,Language: English,5 out of 5 stars,134 ratings,₹957.00
Karna's Wife,Written by: Kavita Kane,The Outcast's Queen,Length: 13 hrs and 9 mins,Language: English,4.5 out of 5 stars,76 ratings,₹293.00
You Die Alone,Written by: Novoneel Chakraborty,,Length: 2 hrs and 35 mins,Language: English,3.5 out of 5 stars,112 ratings,₹69.00
Beren and Lúthien,"Written by: Christopher Tolkien, J. R. R. Tolkien",,Length: 6 hrs and 54 mins,Language: English,4.5 out of 5 stars,3 ratings,₹683.00
Thuppariyum Sambu Part 1 (Tamil Edition),Written by: Devan,,Length: 2 hrs and 45 mins,Language: Tamil,4.5 out of 5 stars,61 ratings,₹62.00
Mindfulness in Plain English,Written by: Bhante Henepola Gunaratana,,Length: 6 hrs and 12 mins,Language: English,4.5 out of 5 stars,150 ratings,₹668.00
Mastering Logical Fallacies,"Written by: Michael Withey, Henry Zhang - foreword",The Definitive Guide to Flawless Rhetoric and Bulletproof Logic,Length: 4 hrs and 22 mins,Language: English,4.5 out of 5 stars,11 ratings,₹351.00
Sherlock Holmes: The Hound of the Baskervilles,Written by: Arthur Conan Doyle,,Length: 6 hrs and 22 mins,Language: English,5 out of 5 stars,13 ratings,₹558.00
That Night (Hindi Edition),Written by: Nidhi Upadhyay,,Length: 7 hrs and 46 mins,Language: Hindi,4 out of 5 stars,45 ratings,₹668.00
In Pursuit of the Perfect Portfolio,"Written by: Andrew W. Lo, Stephen R. Foerster","The Stories, Voices, and Key Insights of the Pioneers Who Shaped the Way We Invest",Length: 16 hrs and 3 mins,Language: English,4 out of 5 stars,4 ratings,₹703.00
The Art of Thinking Clearly (Marathi Edition),Written by: Rolf Dobelli,"Better Thinking, Better Decisions",Length: 14 hrs and 26 mins,Language: Hindi,5 out of 5 stars,2 ratings,₹836.00
Kyon Se Shuruwat Karein [Start with Why],Written by: Simon Sinek,Mahaan Leaders Logon Ko Aage Badhne Ke Liye Prerit Kaise Karte Hain [How Great Leaders Inspire People to Move Forward],Length: 10 hrs and 52 mins,Language: Hindi,4.5 out of 5 stars,88 ratings,₹836.00
The Fish in the Sea Is Not Thirsty,Written by: Osho,On the Haunting Songs of the Mystic Kabir,Length: 26 hrs and 4 mins,Language: English,5 out of 5 stars,17 ratings,₹445.00
The 7 Principles of Public Speaking,Written by: Richard Zeoli,Proven Methods from a PR Professional,Length: 5 hrs,Language: English,4.5 out of 5 stars,126 ratings,₹668.00
Why Zebras Don't Get Ulcers,Written by: Robert Sapolsky,"The Acclaimed Guide to Stress, Stress-Related Diseases, and Coping - Now Revised and Updated",Length: 17 hrs and 16 mins,Language: English,4.5 out of 5 stars,28 ratings,"₹1,289.00"
Datta Anubhuti (Marathi Edition),Written by: Anand Kamat,,Length: 4 hrs and 9 mins,Language: Hindi,5 out of 5 stars,27 ratings,₹69.00
The Accidental Universe,Written by: Alan Lightman,The World You Thought You Knew,Length: 3 hrs and 51 mins,Language: English,4.5 out of 5 stars,26 ratings,₹585.00
Summary of Think and Grow Rich (Hindi Edition),Written by: Rainshine Entertainment Private Limited,,Length: 38 mins,Language: Hindi,4.5 out of 5 stars,2 ratings,₹69.00
Tales from the Cafe,"Written by: Toshikazu Kawaguchi, Geoffrey Trousselot - translator",Before the Coffee Gets Cold,Length: 5 hrs and 33 mins,Language: English,4.5 out of 5 stars,64 ratings,₹323.00
Kalvanin Kaadhali (Tamil Edition),Written by: Kalki,,Length: 6 hrs and 52 mins,Language: Tamil,4.5 out of 5 stars,59 ratings,₹118.00
Summer Knight,Written by: Jim Butcher,"The Dresden Files, Book 4",Length: 11 hrs and 13 mins,Language: English,4.5 out of 5 stars,19 ratings,"₹1,054.00"
Quantum Entanglement,Written by: Jed Brody,MIT Press Essential Knowledge Series,Length: 3 hrs and 34 mins,Language: English,4.5 out of 5 stars,3 ratings,₹586.00
Marketing 4.0,"Written by: Philip Kotler, Hermawan Kartajaya, Iwan Setiawan",Moving from Traditional to Digital,Length: 4 hrs and 48 mins,Language: English,4.5 out of 5 stars,148 ratings,₹469.00
Million Dollar Habits,Written by: Brian Tracy,Proven Power Practices to Double and Triple Your Income,Length: 8 hrs and 3 mins,Language: English,4.5 out of 5 stars,20 ratings,₹586.00
Vishnu ka Khazana [Vishnu's Treasure],Written by: Ashwin Sanghi,,Length: 14 hrs and 48 mins,Language: Hindi,4.5 out of 5 stars,3 ratings,₹69.00
